연도,월,주차,긍정,부정,잘모름,과학_IT,경제,국제,북한_외교,문화,사회,사건_사고,정치,스포츠,지역,"기타(날씨, 미분류)",주간합
2012,1,1,26.0,63.0,11,334,1335,870,338,1222,1159,766,1044,566,593,514,8741
2012,1,2,24.0,65.0,11,372,1464,1099,286,1136,1231,791,1148,608,618,546,9299
2012,1,3,22.0,65.0,13,455,1500,1259,250,1261,1375,894,1326,667,741,678,10406
2012,1,4,24.0,64.0,12,319,1066,1007,231,923,1003,642,752,496,497,509,7445
2012,2,1,22.0,65.0,13,447,1628,1081,235,1388,1440,904,1153,739,742,699,10456
2012,2,2,24.0,64.0,12,382,1632,1239,260,1322,1425,837,1313,806,737,601,10554
2012,2,3,23.0,62.0,15,364,1485,1263,305,1433,1262,976,1209,869,582,603,10351
2012,2,4,24.0,60.0,16,427,1592,1209,355,1329,1275,883,1278,852,722,601,10523
2012,3,1,26.0,60.0,14,353,1325,990,315,1264,1040,668,1044,691,603,406,8699
2012,3,2,24.0,61.0,15,445,1304,1210,281,1324,1082,772,1387,718,770,524,9817
2012,3,3,27.0,58.0,15,399,1521,1117,377,1390,1074,802,1490,774,821,587,10352
2012,3,4,26.0,58.0,16,349,1296,967,477,1459,1035,748,1670,770,759,522,10052
2012,3,5,29.0,54.0,17,359,1392,957,585,1603,1006,649,1527,743,624,585,10030
2012,4,1,23.0,63.0,14,397,1177,900,281,1473,990,731,1666,673,593,561,9442
2012,4,2,24.0,64.0,12,300,891,755,856,1132,735,672,2262,610,477,471,9161
2012,4,3,28.0,56.0,16,315,1089,720,494,991,1049,588,961,515,605,354,7681
2012,4,4,23.0,62.0,15,305,1352,825,216,1096,924,695,936,522,655,355,7881
2012,5,1,24.0,59.0,17,373,1165,880,185,1079,881,670,920,540,586,347,7626
2012,5,2,24.0,58.0,18,336,1546,1167,228,1662,1019,792,1006,757,738,500,9751
2012,5,3,24.0,57.0,19,426,1343,1180,280,1750,1080,719,1176,755,660,580,9949
2012,5,4,24.0,57.0,19,409,1332,1235,292,1774,1003,834,1097,801,527,535,9839
2012,6,1,26.0,56.0,18,443,1263,1131,268,1629,1019,726,1110,804,600,552,9545
2012,6,2,28.0,53.0,19,414,1187,1127,230,1494,1066,640,1184,767,559,555,9223
2012,6,3,23.0,56.0,21,401,1386,1225,301,1562,1135,870,1263,835,658,584,10220
2012,6,4,25.0,56.0,19,345,1111,1229,188,1293,1031,605,1107,652,628,585,8774
2012,6,5,23.0,55.0,22,538,1679,1318,357,1776,1536,865,1377,844,811,770,11871
2012,7,1,21.0,58.0,21,367,1479,1091,366,1543,1220,738,1411,870,758,670,10513
2012,7,2,20.0,63.0,17,378,1329,1147,217,1550,1234,807,1514,864,770,625,10435
2012,7,3,18.0,62.0,20,392,1347,1119,374,1443,1175,923,1456,745,709,794,10477
2012,7,4,19.0,64.0,17,406,1531,1308,298,1436,1175,1157,1289,884,583,685,10752
2012,8,1,17.0,64.0,19,324,1031,1206,208,1223,973,787,994,2304,444,632,10126
2012,8,2,20.0,60.0,20,394,1109,1084,239,1159,1043,663,1191,2125,554,554,10115
2012,8,3,26.0,54.0,20,277,1004,1378,290,1355,1078,647,1118,1088,677,573,9485
2012,8,4,27.0,53.0,20,479,1186,1564,260,1384,1416,890,1279,753,625,645,10481
2012,8,5,28.0,55.0,17,544,1348,1462,220,1333,1360,876,1261,688,887,1343,11322
2012,9,1,25.0,57.0,18,474,1353,1185,281,1469,1320,967,1364,796,628,623,10460
2012,9,2,26.0,55.0,19,432,1593,1501,296,1566,1173,952,1341,745,641,642,10882
2012,9,3,25.0,58.0,17,392,1287,1426,205,1380,1146,862,1514,701,797,838,10548
2012,9,4,26.0,59.0,15,447,1522,1437,307,1592,1200,805,1628,777,738,600,11053
2012,10,1,26.0,61.0,13,276,857,998,175,1191,862,548,1149,571,459,478,7564
2012,10,2,24.0,57.0,19,452,1306,1184,380,1612,1188,728,1786,707,673,567,10583
2012,10,3,26.0,63.0,11,397,1359,1260,265,1475,1297,907,1715,791,681,610,10757
2012,10,4,25.0,62.0,13,581,1485,1115,329,1413,1186,834,1808,812,638,690,10891
2012,11,1,23.0,66.0,11,466,1309,1163,262,1546,1228,784,1654,907,713,663,10695
2012,11,2,23.0,66.0,11,354,1280,1204,248,1402,1350,684,1735,760,625,493,10135
2012,11,3,25.0,65.0,10,375,1344,1279,211,1378,1151,1145,1888,1010,675,649,11105
2012,11,4,26.0,64.0,10,385,1322,1263,256,1384,1224,920,1912,991,731,673,11061
2012,11,5,21.0,64.0,15,501,1429,1038,240,1448,1118,1133,1752,865,649,678,10851
2012,12,1,21.0,62.0,17,386,1205,929,511,1420,1185,844,1651,832,629,635,10227
2012,12,2,22.0,64.0,14,413,1322,946,896,1253,1298,823,1850,1003,746,634,11184
2012,12,3,0.0,0.0,100,306,1120,1001,315,1184,903,675,2492,723,588,535,9842
2012,12,4,0.0,0.0,100,402,1255,1113,284,1502,1199,712,1474,721,735,610,10007
2013,1,1,0.0,0.0,100,190,647,582,177,770,565,303,729,414,373,306,5056
2013,1,2,0.0,0.0,100,323,968,639,186,916,937,509,812,541,578,338,6747
2013,1,3,22.0,56.0,22,451,1090,1074,219,1407,1300,677,1073,800,652,578,9321
2013,1,4,22.0,52.0,26,372,1298,1012,408,1324,1231,736,1155,851,633,601,9621
2013,1,5,19.0,63.0,18,634,1392,969,386,1415,1146,835,1138,805,663,581,9964
2013,2,1,23.0,55.0,22,320,1224,1010,493,1471,1230,748,939,839,627,662,9563
2013,2,2,0.0,0.0,100,288,945,822,1117,1226,827,707,735,772,483,489,8411
2013,2,3,43.0,33.0,24,323,1114,831,343,1170,952,723,1076,740,521,500,8293
2013,2,4,0.0,0.0,100,354,1241,1010,339,1436,1155,744,1321,812,594,534,9540
2013,3,1,0.0,0.0,100,299,1141,1063,450,1368,1007,798,1102,1021,582,510,9341
2013,3,2,0.0,0.0,100,327,1210,863,730,1491,1151,699,1072,972,719,563,9797
2013,3,3,44.0,19.0,37,517,1212,842,439,1397,972,733,1052,973,571,521,9229
2013,3,4,41.0,28.0,31,516,1316,808,405,1302,1061,764,882,866,552,475,8947
2013,4,1,41.0,29.0,30,457,1562,849,776,1604,1050,702,823,966,683,495,9967
2013,4,2,44.0,29.0,27,402,995,734,758,1059,955,495,672,628,588,422,7708
2013,4,3,48.0,25.0,27,292,1057,968,640,1182,935,565,818,691,650,361,8159
2013,4,4,46.0,24.0,30,392,1271,1614,356,1699,1137,727,1023,871,651,566,10307
2013,5,1,50.0,23.0,27,336,1267,1086,681,1582,1021,730,727,838,592,552,9412
2013,5,2,56.0,17.0,27,351,1213,901,577,1434,1054,692,775,771,672,521,8961
2013,5,3,51.0,27.0,22,334,928,753,295,1323,947,683,960,618,520,492,7853
2013,5,4,53.0,22.0,25,395,1259,1171,470,1869,1211,847,827,914,722,579,10264
2013,5,5,52.0,23.0,25,347,1144,989,320,1537,1135,755,570,739,584,488,8608
2013,6,1,53.0,20.0,27,241,1072,966,274,1426,947,698,688,619,472,474,7877
2013,6,2,60.0,17.0,23,400,1240,1086,965,1730,1152,824,703,919,656,567,10242
2013,6,3,59.0,20.0,21,357,1163,960,438,1661,1078,793,865,883,485,585,9268
2013,6,4,54.0,21.0,25,438,1260,946,472,1497,984,657,1024,719,510,530,9037
2013,7,1,63.0,16.0,21,379,1120,1080,434,1484,951,642,925,890,551,636,9092
2013,7,2,61.0,17.0,22,277,959,1458,424,1337,1119,627,773,763,549,590,8876
2013,7,3,59.0,19.0,22,339,1061,1108,381,1785,1186,689,960,755,671,742,9677
2013,7,4,57.0,16.0,27,332,1214,1120,337,1821,1101,707,903,728,700,752,9715
2013,8,1,57.0,17.0,26,339,1043,1208,418,1875,1009,865,743,749,527,614,9390
2013,8,2,59.0,21.0,20,337,980,1072,294,1749,915,743,891,764,561,669,8975
2013,8,3,54.0,26.0,20,277,875,931,288,1471,930,500,766,627,542,533,7740
2013,8,4,59.0,25.0,16,384,1270,1505,480,2091,1112,748,912,912,626,712,10752
2013,8,5,61.0,24.0,15,370,1342,1127,457,1745,1311,676,1020,761,571,586,9966
2013,9,1,64.0,22.0,14,364,1288,1253,335,1839,1198,702,1333,788,564,589,10253
2013,9,2,67.0,19.0,14,397,1200,1088,347,1580,1020,592,1029,674,544,420,8891
2013,9,3,0.0,0.0,100,300,813,1041,261,1440,859,693,887,590,454,477,7815
2013,9,4,60.0,29.0,11,415,1269,1394,460,1734,1081,822,972,688,573,544,9952
2013,10,1,56.0,34.0,10,296,1229,1149,396,1775,984,837,998,609,557,537,9367
2013,10,2,56.0,31.0,13,524,1261,1474,436,2158,1236,718,1226,919,699,903,11554
2013,10,3,56.0,31.0,13,418,1354,1325,401,2016,1140,776,1330,920,637,683,11000
2013,10,4,53.0,34.0,13,524,1302,1273,290,1929,1300,945,1236,825,630,606,10860
2013,10,5,53.0,33.0,14,514,1361,1301,362,2045,1275,832,1192,819,653,572,10926
2013,11,1,58.0,29.0,13,540,1325,1374,380,2132,1465,815,1254,831,578,574,11268
2013,11,2,57.0,30.0,13,595,1440,1417,375,2118,1504,969,1163,833,612,751,11777
2013,11,3,57.0,31.0,12,482,1377,1437,361,2174,1286,735,1288,828,607,693,11268
2013,11,4,53.0,33.0,14,498,1451,1497,421,2191,1249,832,1175,753,715,695,11477
2013,12,1,53.0,34.0,13,513,1325,1431,411,2224,1177,590,1151,742,654,594,10812
2013,12,2,54.0,35.0,11,401,1173,1302,609,1903,1453,605,1092,838,635,651,10662
2013,12,3,48.0,41.0,11,419,1192,1123,980,2101,1573,792,936,701,623,654,11094
2013,12,4,0.0,0.0,100,293,1050,1117,395,1893,1243,656,757,601,580,500,9085
2013,12,5,0.0,0.0,100,200,666,819,125,1161,922,361,554,426,394,332,5960
2014,1,1,0.0,0.0,100,188,709,699,238,1302,637,296,663,439,332,363,5866
2014,1,2,53.0,39.0,8,330,941,929,363,1289,1004,542,798,570,491,470,7727
2014,1,3,52.0,39.0,9,459,1356,1467,504,2121,1324,913,1019,801,646,638,11248
2014,1,4,54.0,37.0,9,846,1348,1551,488,1874,1451,700,1111,720,801,691,11581
2014,1,5,53.0,37.0,10,580,1232,1368,497,1563,1201,531,832,708,673,525,9710
2014,2,1,55.0,35.0,10,435,1107,1355,466,1632,1096,715,931,617,728,544,9626
2014,2,2,55.0,34.0,11,382,1109,1333,574,1553,1090,717,926,1212,635,526,10057
2014,2,3,56.0,34.0,10,381,1075,1496,489,1631,1101,770,944,1285,772,459,10403
2014,2,4,57.0,31.0,12,481,1212,1448,621,1751,1085,690,1059,1181,586,558,10672
2014,3,1,57.0,35.0,8,366,1141,1510,454,1688,1150,776,1344,774,530,523,10256
2014,3,2,55.0,34.0,11,540,1098,1578,322,1591,1238,988,1105,679,545,549,10233
2014,3,3,56.0,31.0,13,496,1429,1569,375,1521,1294,921,1220,702,584,601,10712
2014,3,4,59.0,28.0,13,485,930,989,471,1294,855,591,862,593,466,326,7862
2014,4,1,61.0,28.0,11,399,1096,798,601,1325,909,543,843,576,493,343,7926
2014,4,2,59.0,28.0,13,398,1012,740,389,1188,822,503,884,528,484,307,7255
2014,4,3,59.0,28.0,13,347,837,878,232,1200,1029,834,783,485,575,284,7484
2014,4,4,0.0,0.0,100,245,586,970,207,912,1273,704,459,401,714,400,6871
2014,4,5,48.0,40.0,12,315,1061,1047,442,1373,1388,963,917,608,728,510,9352
2014,5,1,46.0,41.0,13,367,1008,1570,373,1646,1543,1324,1232,858,560,773,11254
2014,5,2,46.0,42.0,12,378,1157,1505,305,1730,1498,1236,1497,858,645,707,11516
2014,5,3,48.0,41.0,11,413,1323,1657,316,1669,1372,1224,1989,870,620,621,12074
2014,5,4,47.0,42.0,11,337,1080,1228,324,1412,1196,891,1503,787,513,555,9826
2014,6,1,0.0,0.0,100,421,1129,1307,460,1523,1109,1050,2285,1009,562,575,11430
2014,6,2,47.0,43.0,10,291,927,1012,228,1314,1066,716,2074,928,526,425,9507
2014,6,3,43.0,48.0,9,243,882,845,150,1076,939,454,1009,1324,422,306,7650
2014,6,4,42.0,48.0,10,310,1014,1228,149,1105,1151,444,919,1079,458,303,8160
2014,7,1,40.0,48.0,12,279,1157,1015,357,1374,1072,532,896,843,523,352,8400
2014,7,2,43.0,48.0,9,323,1080,1132,344,1132,968,533,983,721,452,547,8215
2014,7,3,44.0,47.0,9,270,1064,953,290,1231,1074,636,1125,703,529,369,8244
2014,7,4,40.0,50.0,10,283,1031,1304,215,1304,1025,928,812,569,614,448,8533
2014,7,5,40.0,49.0,11,323,1029,974,204,1187,1000,852,1147,536,412,397,8061
2014,8,1,46.0,43.0,11,309,732,1125,137,1364,958,804,866,500,461,598,7854
2014,8,2,46.0,45.0,9,278,884,1209,314,2363,1071,888,913,701,460,520,9601
2014,8,3,46.0,44.0,10,344,1159,1666,407,2938,1348,1180,1102,810,603,727,12284
2014,8,4,45.0,44.0,11,445,1393,1504,248,2037,1864,900,1157,817,866,642,11873
2014,9,1,45.0,45.0,10,462,1507,1361,322,1998,1622,963,1066,762,663,760,11486
2014,9,2,0.0,0.0,100,343,771,1122,336,1292,983,597,587,684,377,472,7564
2014,9,3,44.0,47.0,9,387,1446,1408,421,2076,1373,981,1282,1016,709,648,11747
2014,9,4,49.0,44.0,7,435,1339,1437,464,2373,1336,884,1057,1617,558,685,12185
2014,10,1,49.0,42.0,9,405,1172,1094,297,2005,1150,636,948,1150,600,448,9905
2014,10,2,48.0,42.0,10,361,828,861,542,1196,881,450,706,574,394,340,7133
2014,10,3,46.0,41.0,13,609,1323,1206,685,2077,1295,665,1027,740,587,530,10744
2014,10,4,46.0,45.0,9,445,1184,930,412,2018,1203,525,911,619,654,397,9298
2014,10,5,46.0,44.0,10,448,1294,947,486,1862,1152,612,1020,731,592,389,9533
2014,11,1,46.0,42.0,12,516,1321,1005,366,2187,1437,652,991,759,664,497,10395
2014,11,2,45.0,45.0,10,473,1425,1215,345,2396,1666,711,922,746,640,458,10997
2014,11,3,44.0,45.0,11,575,1551,1125,373,2178,1560,634,892,661,663,381,10593
2014,11,4,44.0,45.0,11,566,1499,1148,336,2365,1488,746,890,676,723,406,10843
2014,12,1,42.0,48.0,10,477,1465,1053,270,2483,1556,732,1111,597,616,542,10902
2014,12,2,41.0,48.0,11,518,1354,1244,264,2414,1510,902,1058,641,729,497,11131
2014,12,3,37.0,52.0,11,630,1303,1234,314,2823,1408,1299,770,779,689,533,11782
2014,12,4,0.0,0.0,100,722,1193,922,413,2997,1580,743,1023,570,544,452,11159
2014,12,5,0.0,0.0,100,638,1075,1099,306,3036,1134,899,744,411,659,627,10628
2015,1,1,40.0,51.0,9,682,1702,1297,594,3753,1508,802,910,854,704,617,13423
2015,1,2,35.0,55.0,10,545,1357,1123,317,2634,1570,897,1014,830,742,442,11471
2015,1,3,30.0,60.0,10,567,1444,1208,276,2912,1371,1144,761,775,836,522,11816
2015,1,4,29.0,63.0,8,606,1587,1320,299,3036,1705,964,1069,905,746,485,12722
2015,2,1,29.0,62.0,9,593,1477,1195,277,3302,1612,1070,1234,854,832,578,13024
2015,2,2,30.0,62.0,8,604,1469,1275,230,3175,1673,912,1247,804,872,572,12833
2015,2,3,0.0,0.0,100,431,1018,1075,202,2657,1110,667,920,548,575,500,9703
2015,2,4,33.0,58.0,9,535,1355,1160,243,2961,1641,739,965,713,647,519,11478
2015,3,1,37.0,54.0,9,672,1523,1239,491,3337,1700,778,1144,847,844,538,13113
2015,3,2,39.0,52.0,9,602,1481,1233,524,2835,1625,878,977,928,788,556,12427
2015,3,3,36.0,54.0,10,633,1645,1233,392,2632,1497,955,910,729,834,482,11942
2015,3,4,38.0,51.0,11,529,1504,1292,388,2170,1523,762,894,708,905,506,11181
2015,4,1,40.0,52.0,8,601,1642,1248,284,2258,1528,890,914,743,813,451,11372
2015,4,2,39.0,52.0,9,505,1445,1335,268,2358,1403,874,947,730,772,458,11095
2015,4,3,34.0,54.0,12,445,1338,1231,246,2441,1437,814,1181,711,698,493,11035
2015,4,4,35.0,57.0,8,495,1355,1296,256,2427,1403,1107,1042,773,760,425,11339
2015,4,5,39.0,52.0,9,473,1297,1509,204,2383,1347,927,1233,575,729,439,11116
2015,5,1,39.0,52.0,9,367,1008,1064,291,2010,1145,854,1163,677,602,360,9541
2015,5,2,40.0,50.0,10,431,1245,1237,546,2250,1218,993,968,805,714,428,10835
2015,5,3,39.0,51.0,10,582,1377,1143,606,2586,1367,881,930,828,747,457,11504
2015,5,4,40.0,47.0,13,535,1343,1047,379,2541,1399,696,907,929,765,546,11087
2015,6,1,34.0,55.0,11,563,1259,1204,340,3066,2098,638,897,802,758,426,12051
2015,6,2,33.0,58.0,9,461,1212,1146,239,2768,3402,749,897,849,686,559,12968
2015,6,3,29.0,61.0,10,536,1360,1468,478,2465,3057,982,993,1057,859,773,14028
2015,6,4,33.0,58.0,9,519,1552,1650,493,2900,2544,1039,1094,811,840,846,14288
2015,7,1,34.0,58.0,8,607,1860,1820,376,3067,1842,921,1332,898,871,821,14415
2015,7,2,32.0,59.0,9,529,1583,1883,296,2582,1663,1035,1204,877,792,756,13200
2015,7,3,33.0,58.0,9,770,1677,1631,328,2460,1463,1084,1199,988,843,977,13420
2015,7,4,32.0,60.0,8,898,1735,1439,296,2765,1703,1439,1164,904,899,862,14104
2015,7,5,34.0,57.0,9,820,1795,1733,370,2601,1589,1249,1145,889,705,1100,13996
2015,8,1,33.0,55.0,12,582,1726,1754,423,2707,1847,1177,1225,1105,833,1103,14482
2015,8,2,33.0,56.0,11,553,1867,1936,814,2831,1743,1112,1214,974,892,927,14863
2015,8,3,34.0,56.0,10,573,1817,2226,858,2738,1772,1173,1194,984,823,798,14956
2015,8,4,49.0,44.0,7,518,1858,1604,2896,2319,1736,1126,954,946,892,991,15840
2015,9,1,54.0,38.0,8,563,1773,1624,715,2510,1956,1312,990,1011,779,774,14007
2015,9,2,50.0,42.0,8,660,1538,1798,638,2750,2030,1270,1234,847,1023,695,14483
2015,9,3,50.0,41.0,9,568,1581,1775,482,2259,2008,1427,1456,738,794,743,13831
2015,9,4,48.0,43.0,9,564,1850,1704,404,2195,1679,1464,1222,768,828,726,13404
2015,9,5,0.0,0.0,100,424,1326,1215,504,1844,1150,880,894,553,627,770,10187
2015,10,1,47.0,41.0,12,626,1594,1556,516,2476,1445,1424,1235,754,793,702,13121
2015,10,2,43.0,44.0,13,535,1485,1539,697,2253,1502,1256,1128,786,693,652,12526
2015,10,3,42.0,47.0,11,609,1461,1435,893,2440,1514,1365,1152,721,867,734,13191
2015,10,4,44.0,44.0,12,567,1794,1441,542,2714,1582,1281,1151,685,773,707,13237
2015,11,1,41.0,49.0,10,671,1805,1673,600,2513,1683,1152,1035,691,788,870,13481
2015,11,2,40.0,48.0,12,580,1647,1615,363,2403,1924,1294,1432,683,829,779,13549
2015,11,3,42.0,48.0,10,609,1680,2958,374,2193,1687,1360,1181,647,724,740,14153
2015,11,4,44.0,47.0,9,531,1418,2034,437,2244,1350,1047,2017,637,591,724,13030
2015,12,1,44.0,45.0,11,611,1736,1851,339,2518,1726,1338,1354,660,798,860,13791
2015,12,2,43.0,47.0,10,606,1679,1918,311,2587,1914,1478,1470,656,760,906,14285
2015,12,3,43.0,46.0,11,480,1893,1684,572,2466,1804,1493,1548,594,799,833,14166
2015,12,4,0.0,0.0,100,501,1672,1723,286,2309,1619,1185,1373,475,895,782,12820
2015,12,5,0.0,0.0,100,442,1320,1954,464,2211,1432,939,1103,456,663,735,11719
2016,1,1,40.0,53.0,7,500,1354,1766,1222,1975,1249,872,1466,510,717,677,12308
2016,1,2,43.0,47.0,10,513,1581,1749,1253,1883,1507,1124,1564,603,653,813,13243
2016,1,3,39.0,49.0,12,541,1521,1804,477,2062,1537,1377,1559,580,761,806,13025
2016,1,4,39.0,49.0,12,556,1690,1669,446,2107,1677,1199,1425,607,959,908,13243
2016,2,1,41.0,48.0,11,523,1564,1503,768,1739,1401,1383,1456,642,708,754,12441
2016,2,2,0.0,0.0,100,287,744,1121,2025,1388,852,680,720,353,456,462,9088
2016,2,3,43.0,46.0,11,421,1416,1408,1358,1793,1224,1266,1136,549,641,624,11836
2016,2,4,42.0,45.0,13,604,1534,1383,931,1911,1339,1153,1508,551,768,700,12382
2016,3,1,39.0,49.0,12,361,1205,1015,778,1302,955,609,1280,478,625,473,9081
2016,3,2,42.0,45.0,13,576,1055,915,653,1046,1028,678,1177,611,554,452,8745
2016,3,3,40.0,49.0,11,531,1085,909,439,1098,916,708,1399,669,532,405,8691
2016,3,4,36.0,52.0,12,397,1092,1109,410,1079,1105,692,1678,481,553,339,8935
2016,3,5,38.0,51.0,11,380,1160,914,369,1158,969,547,1593,465,595,311,8461
2016,4,1,43.0,46.0,11,321,1019,736,410,1003,740,573,1287,432,541,286,7348
2016,4,2,39.0,48.0,13,276,791,696,303,997,816,471,1423,391,401,277,6842
2016,4,3,29.0,58.0,13,411,1274,1541,439,1331,1261,746,2449,598,755,420,11225
2016,4,4,30.0,56.0,14,288,1385,821,621,1114,1039,672,1063,508,588,352,8451
2016,5,1,33.0,52.0,15,214,983,779,377,1020,952,640,769,377,519,305,6935
2016,5,2,32.0,53.0,15,346,1079,1105,750,1190,1206,794,929,538,542,390,8869
2016,5,3,30.0,58.0,12,325,1166,877,282,1150,1164,827,1072,492,686,372,8413
2016,5,4,32.0,53.0,15,327,1162,901,382,1080,1281,825,966,440,577,373,8314
2016,6,1,34.0,54.0,12,333,1156,983,486,1064,1203,791,923,469,613,353,8374
2016,6,2,31.0,54.0,15,232,1088,895,434,940,1088,769,831,486,512,309,7584
2016,6,3,32.0,54.0,14,300,1174,1154,206,895,1063,966,892,521,579,343,8093
2016,6,4,30.0,56.0,14,340,1042,979,389,970,1082,853,1027,479,645,386,8192
2016,6,5,34.0,54.0,12,306,1367,1443,333,905,1078,896,957,445,589,329,8648
2016,7,1,31.0,52.0,17,292,1076,956,335,880,1126,916,932,487,676,503,8179
2016,7,2,32.0,54.0,14,366,925,1078,713,973,1041,884,849,481,585,389,8284
2016,7,3,32.0,55.0,13,338,952,1234,440,925,1115,895,867,460,549,348,8123
2016,7,4,31.0,55.0,14,319,1059,1052,404,976,1119,745,867,463,559,414,7977
2016,8,1,33.0,52.0,15,317,917,959,381,969,1178,870,749,518,560,416,7834
2016,8,2,33.0,53.0,14,265,787,946,289,800,826,731,908,1509,480,377,7918
2016,8,3,33.0,54.0,13,240,827,842,352,839,856,589,814,1489,479,367,7694
2016,8,4,30.0,57.0,13,290,1035,938,560,989,1109,783,859,947,581,427,8518
2016,9,1,30.0,55.0,15,353,1220,931,350,1027,1367,1039,1015,428,561,428,8719
2016,9,2,33.0,56.0,11,413,1159,909,574,1052,1081,857,996,461,585,367,8454
2016,9,3,0.0,0.0,100,273,699,860,931,848,877,437,609,365,662,300,6861
2016,9,4,31.0,56.0,13,351,970,910,484,962,1019,655,751,369,824,356,7651
2016,9,5,30.0,56.0,14,356,1219,1056,326,1121,1278,948,1202,453,674,362,8995
2016,10,1,29.0,57.0,14,398,1122,997,356,1033,1171,708,968,409,808,570,8540
2016,10,2,26.0,59.0,15,468,1081,1258,468,1051,1145,686,904,471,652,355,8539
2016,10,3,25.0,64.0,11,359,1119,991,481,1178,1283,899,977,423,660,307,8677
2016,10,4,17.0,74.0,9,378,1228,904,340,1079,1019,880,1578,411,572,343,8732
2016,11,1,5.0,89.0,6,304,1123,803,192,953,911,1143,1872,415,499,423,8638
2016,11,2,5.0,90.0,5,193,962,1155,278,878,856,868,1928,375,475,404,8372
2016,11,3,5.0,90.0,5,261,912,923,377,934,1070,881,2042,357,430,349,8536
2016,11,4,4.0,93.0,3,272,1038,819,308,900,985,864,2069,386,533,391,8565
2016,12,1,4.0,91.0,5,279,1062,772,265,935,990,813,2190,336,621,365,8628
2016,12,2,5.0,91.0,4,284,960,740,250,893,886,587,2527,342,525,335,8329
2016,12,3,0.0,0.0,100,257,990,716,286,921,822,471,2715,337,553,360,8428
2016,12,4,0.0,0.0,100,282,1152,872,271,973,1144,647,1906,335,598,338,8518
2016,12,5,0.0,0.0,100,348,1207,1126,287,1312,1285,811,2176,355,757,477,10141
2017,1,1,36.0,48.0,16,219,805,763,254,764,742,473,1377,266,423,268,6354
2017,1,2,0.0,0.0,100,285,1077,1163,342,1027,955,731,1732,363,610,344,8629
2017,1,3,38.0,48.0,14,289,1143,1009,396,1152,1022,1067,1514,363,648,364,8967
2017,1,4,0.0,0.0,100,310,1173,1157,279,1120,1030,766,1752,349,624,392,8952
2017,2,1,0.0,0.0,100,248,756,1035,302,917,945,525,1367,266,463,312,7136
2017,2,2,40.0,49.0,11,346,1107,997,363,1117,1206,610,1964,402,777,341,9230
2017,2,3,0.0,0.0,100,273,960,1014,917,1045,1089,711,1542,333,671,318,8873
2017,2,4,33.0,56.0,11,338,1065,1034,650,1094,1059,875,1499,414,623,330,8981
2017,3,1,0.0,0.0,100,290,1014,1010,465,1072,984,703,1642,352,654,321,8507
2017,3,2,34.0,57.0,9,323,1017,1205,877,1068,954,747,1441,414,541,335,8922
2017,3,3,0.0,0.0,100,241,1059,884,413,992,771,675,2811,375,486,275,8982
2017,3,4,44.0,47.0,9,262,1043,909,462,1130,1117,912,1756,425,631,355,9002
2017,3,5,0.0,0.0,100,310,1012,883,349,1103,1175,718,1729,419,812,398,8908
2017,4,1,0.0,0.0,100,352,1123,974,426,1218,1005,784,1929,440,768,338,9357
2017,4,2,0.0,0.0,100,334,972,974,681,1191,1038,830,1645,473,693,299,9130
2017,4,3,0.0,0.0,100,330,993,872,794,1215,1007,656,1940,415,651,339,9212
2017,4,4,0.0,0.0,100,369,1149,945,685,1192,1056,671,2054,441,614,306,9482
2017,5,1,0.0,0.0,100,267,863,763,660,1014,923,465,2138,399,498,332,8322
2017,5,2,0.0,0.0,100,235,630,748,395,853,750,347,3149,352,537,366,8362
2017,5,3,0.0,0.0,100,430,822,780,757,1049,1059,654,1911,385,578,349,8774
2017,5,4,0.0,0.0,100,308,913,869,600,1158,1001,672,1899,496,579,371,8866
2017,6,1,84.0,7.0,9,304,1056,853,536,1051,1183,683,1791,481,666,373,8977
2017,6,2,82.0,10.0,8,246,755,968,532,976,949,775,1319,415,767,305,8007
2017,6,3,83.0,10.0,7,266,1035,994,524,1151,1118,719,1623,472,631,325,8858
2017,6,4,79.0,14.0,7,311,1155,902,727,1117,1264,716,1458,385,654,402,9091
2017,6,5,80.0,13.0,7,341,1247,906,642,1177,1206,751,1424,395,671,379,9139
2017,7,1,83.0,9.0,8,291,1047,827,1212,1089,1088,814,1202,389,646,404,9009
2017,7,2,80.0,12.0,8,260,1094,918,616,1113,1216,795,1417,382,676,485,8972
2017,7,3,74.0,16.0,10,288,1050,830,453,1169,1376,786,1566,383,807,433,9141
2017,7,4,77.0,13.0,10,291,1151,920,399,1097,1160,727,1589,433,693,446,8906
2017,8,1,77.0,15.0,8,257,1047,877,981,1059,1101,580,1071,405,637,380,8395
2017,8,2,78.0,14.0,8,292,1008,890,961,1038,1253,872,1092,416,675,440,8937
2017,8,3,78.0,15.0,7,258,1171,1106,920,1113,1069,587,1111,409,733,395,8872
2017,8,4,79.0,14.0,7,409,1288,1120,665,1068,1411,601,1360,409,798,460,9589
2017,8,5,76.0,16.0,8,357,1312,910,1124,1111,1561,814,1256,484,651,403,9983
2017,9,1,72.0,20.0,8,301,1081,1004,1408,1030,1311,704,1013,519,518,326,9215
2017,9,2,69.0,23.0,8,385,972,1062,879,1046,1198,725,1262,425,626,338,8918
2017,9,3,70.0,24.0,6,345,1143,990,1013,1063,1189,783,1106,447,568,378,9025
2017,9,4,65.0,26.0,9,334,1250,1122,810,1081,1237,707,1125,417,621,358,9062
2017,10,1,0.0,0.0,100,204,571,699,309,788,591,266,512,314,393,255,4902
2017,10,2,73.0,19.0,8,289,794,833,497,984,823,682,912,433,489,298,7034
2017,10,3,70.0,23.0,7,364,1098,938,555,1205,1075,893,1456,494,559,332,8969
2017,10,4,73.0,19.0,8,449,1201,945,437,1168,1270,736,1290,494,663,400,9053
2017,11,1,73.0,18.0,9,408,1276,944,590,1355,1166,967,1175,479,611,410,9381
2017,11,2,74.0,18.0,8,337,887,1015,725,1122,1100,921,1374,457,547,323,8808
2017,11,3,73.0,20.0,7,303,927,1025,587,1085,1477,789,1197,447,807,303,8947
2017,11,4,72.0,18.0,10,332,972,935,562,1117,1521,747,1015,404,916,402,8923
2017,11,5,75.0,17.0,8,338,1232,917,778,1110,1281,860,1092,394,675,381,9058
2017,12,1,74.0,18.0,8,330,1001,1063,590,1117,1092,684,1239,437,792,341,8686
2017,12,2,70.0,21.0,9,348,1115,1028,580,1093,1165,769,1127,403,741,409,8778
2017,12,3,0.0,0.0,100,410,1060,1125,515,1141,1420,750,1032,365,685,446,8949
2017,12,4,0.0,0.0,100,397,1218,1252,461,1432,1556,1107,1314,444,1022,455,10658
2018,1,1,72.0,20.0,8,287,1118,608,716,907,694,411,768,282,484,286,6561
2018,1,2,73.0,17.0,10,550,1664,1084,1264,1510,1080,681,1209,463,713,490,10708
2018,1,3,67.0,24.0,9,472,1775,1039,814,1344,1336,950,1457,533,638,491,10849
2018,1,4,64.0,27.0,9,555,1780,1141,859,1313,1200,786,1172,908,535,549,10798
2018,2,1,63.0,30.0,7,549,1907,952,662,1296,1551,851,1160,760,700,505,10893
2018,2,2,63.0,28.0,9,476,1650,861,979,1316,1128,877,1034,730,608,491,10150
2018,2,3,0.0,0.0,100,345,1219,779,954,1129,724,644,709,1369,537,380,8789
2018,2,4,68.0,22.0,10,344,1234,827,466,1138,831,558,610,1595,455,364,8422
2018,2,5,64.0,26.0,10,378,1158,779,707,1246,994,577,813,858,385,386,8281
2018,3,1,71.0,22.0,7,479,1656,1302,1042,1513,1384,756,1257,553,682,535,11159
2018,3,2,74.0,18.0,8,504,1560,951,678,1255,1129,934,1430,574,448,393,9856
2018,3,3,71.0,19.0,10,481,1781,979,585,1266,1146,821,1352,594,525,436,9966
2018,3,4,70.0,21.0,9,528,1811,1114,814,1226,1252,914,1346,530,614,466,10615
2018,4,1,74.0,17.0,9,509,1689,1114,684,1422,1304,760,1139,506,691,422,10240
2018,4,2,72.0,19.0,9,534,1590,1036,464,1292,1300,750,1496,536,601,508,10107
2018,4,3,70.0,21.0,9,465,1348,1018,503,1353,1292,882,1559,490,636,458,10004
2018,4,4,73.0,18.0,9,567,1429,839,1242,1266,1314,756,1101,441,553,459,9967
2018,5,1,83.0,10.0,7,408,1349,968,2078,1118,945,712,1384,426,471,427,10286
2018,5,2,78.0,13.0,9,454,1271,1140,953,1139,1055,887,1283,471,481,415,9549
2018,5,3,76.0,14.0,10,492,1487,1173,1120,1202,1181,861,1339,477,507,481,10320
2018,5,4,76.0,14.0,10,399,1394,901,958,1266,1103,914,1551,513,457,462,9918
2018,5,5,75.0,15.0,10,484,1479,1103,1301,1221,1295,976,1535,524,547,419,10884
2018,6,1,0.0,0.0,100,405,1207,1058,866,1018,1254,711,1631,514,461,411,9536
2018,6,2,79.0,12.0,9,369,918,1189,1505,919,907,467,3089,554,352,387,10656
2018,6,3,75.0,16.0,9,471,1446,1156,764,1080,1104,872,1284,977,610,441,10205
2018,6,4,73.0,16.0,11,519,1610,1198,740,1180,1309,829,1233,1161,685,554,11018
2018,7,1,71.0,18.0,11,467,1653,1082,644,1131,1520,813,1113,846,766,796,10831
2018,7,2,69.0,21.0,10,445,1533,1269,625,1194,1372,746,1303,610,692,515,10304
2018,7,3,67.0,25.0,8,492,1526,1039,495,1262,1635,757,1287,631,731,607,10462
2018,7,4,62.0,28.0,10,411,1756,1028,514,1236,1392,866,1749,536,703,716,10907
2018,8,1,60.0,29.0,11,419,1653,1095,563,1152,1266,766,1284,431,679,710,10018
2018,8,2,58.0,31.0,11,395,1528,1045,530,1111,1541,762,1187,446,684,630,9859
2018,8,3,60.0,32.0,8,423,1366,1116,730,1120,1178,755,1120,547,628,533,9516
2018,8,4,56.0,33.0,11,384,1468,976,621,1241,1264,836,981,828,720,866,10185
2018,8,5,53.0,38.0,9,464,1797,831,496,1114,1466,721,1243,1072,733,814,10751
2018,9,1,49.0,42.0,9,468,1734,984,638,1151,1309,728,1150,873,806,547,10388
2018,9,2,50.0,39.0,11,452,1717,1155,681,1138,1738,835,1103,550,710,459,10538
2018,9,3,61.0,30.0,9,478,1843,846,1758,1143,1051,610,1316,473,588,464,10570
2018,9,4,0.0,0.0,100,256,1036,636,856,964,844,330,729,286,467,334,6738
2018,10,1,64.0,26.0,10,485,1533,1230,662,1151,1119,533,1193,492,568,529,9495
2018,10,2,65.0,25.0,10,438,1488,1038,694,1268,1185,678,1256,552,833,649,10079
2018,10,3,62.0,27.0,11,580,1740,1197,629,1468,1523,729,1053,627,728,545,10819
2018,10,4,58.0,32.0,10,517,1883,1049,575,1348,1573,818,1098,555,771,497,10684
2018,11,1,55.0,35.0,10,583,2142,1362,680,1248,1443,963,1108,565,708,578,11380
2018,11,2,54.0,36.0,10,541,1598,1195,611,1230,1334,1026,1389,562,681,496,10663
2018,11,3,52.0,40.0,8,483,1824,1156,571,1194,1600,945,1398,638,706,486,11001
2018,11,4,53.0,38.0,9,497,1660,1115,635,1158,1645,1076,1196,558,658,571,10769
2018,11,5,53.0,39.0,8,830,1844,1051,538,1278,1561,939,1214,500,716,690,11161
2018,12,1,49.0,41.0,10,617,1685,1044,605,1211,1568,823,1466,526,870,547,10962
2018,12,2,45.0,44.0,11,522,1532,1089,569,1140,1544,967,1520,478,744,626,10731
2018,12,3,45.0,46.0,9,505,1746,1029,433,1235,1859,702,1417,554,747,547,10774
2018,12,4,0.0,0.0,100,618,1976,1537,655,1674,2431,972,1868,665,1069,836,14301
2019,1,1,0.0,0.0,100,227,711,528,270,529,606,369,640,203,351,357,4791
2019,1,2,48.0,44.0,8,575,1425,1245,535,1215,1422,955,1405,599,661,495,10532
2019,1,3,47.0,44.0,9,471,1442,1231,456,1204,1548,934,1444,612,790,600,10732
2019,1,4,46.0,45.0,9,430,1559,1273,507,1237,1388,977,1443,602,648,576,10640
2019,1,5,47.0,44.0,9,525,1848,1313,374,1218,1403,1037,1307,571,887,617,11100
2019,2,1,0.0,0.0,100,223,808,732,489,858,893,515,854,360,507,414,6653
2019,2,2,47.0,44.0,9,454,1599,1074,699,1175,1397,831,1579,514,684,555,10561
2019,2,3,45.0,45.0,10,539,1569,998,691,1299,1529,920,1377,480,759,607,10768
2019,2,4,49.0,42.0,9,491,1513,1261,1520,1259,1387,593,1433,444,593,519,11013
2019,3,1,46.0,45.0,9,433,1478,1079,932,1170,1729,703,1182,476,739,554,10475
2019,3,2,44.0,46.0,10,539,1617,1115,759,1191,1545,1253,1335,492,602,580,11028
2019,3,3,45.0,44.0,11,553,1705,1168,643,1211,1504,1504,1123,516,708,548,11183
2019,3,4,43.0,46.0,11,548,1933,1153,647,1307,1336,1257,1417,641,648,507,11394
2019,4,1,41.0,49.0,10,623,1723,973,606,1304,1307,1135,1601,629,825,519,11245
2019,4,2,47.0,45.0,8,522,1483,1015,520,1239,1624,1107,1194,522,1270,623,11119
2019,4,3,48.0,42.0,10,516,1731,1161,677,1438,1334,1262,1205,586,755,572,11237
2019,4,4,44.0,47.0,9,584,1764,1419,633,1397,1378,1146,1581,563,650,533,11648
2019,5,1,45.0,46.0,9,485,1769,1200,458,1320,1321,1124,1661,538,731,508,11115
2019,5,2,47.0,45.0,8,484,1460,1119,892,1374,1188,1103,1110,582,617,514,10443
2019,5,3,44.0,47.0,9,531,1606,1182,647,1309,1547,1433,1232,579,769,553,11388
2019,5,4,46.0,44.0,10,533,1614,1259,489,1537,1385,1283,1376,527,778,596,11377
2019,5,5,45.0,45.0,10,678,1487,1405,554,1661,1479,963,1314,521,786,638,11486
2019,6,1,46.0,46.0,8,428,1292,1400,488,1205,1235,884,838,563,518,473,9324
2019,6,2,47.0,44.0,9,543,1525,1626,557,1481,1520,1238,1356,889,738,596,12069
2019,6,3,45.0,45.0,10,549,1491,1361,645,1267,1484,1039,1101,878,710,529,11054
2019,6,4,46.0,45.0,9,521,1606,1353,627,1348,1856,1006,1360,603,699,622,11601
2019,7,1,49.0,40.0,11,513,1673,1570,725,1220,1518,777,1620,583,708,528,11435
2019,7,2,45.0,45.0,10,414,1512,1684,398,1202,1714,1131,1079,555,679,613,10981
2019,7,3,48.0,44.0,8,505,1567,1787,483,1293,1539,953,1225,589,608,558,11107
2019,7,4,48.0,42.0,10,434,1636,2159,623,1235,1161,1066,993,556,743,718,11324
2019,8,1,48.0,41.0,11,397,1479,1656,1032,1188,1282,738,885,708,741,612,10718
2019,8,2,47.0,43.0,10,405,1700,2428,762,1219,1010,511,803,519,546,697,10600
2019,8,3,0.0,0.0,100,413,1482,2178,536,1249,1004,710,990,482,604,590,10238
2019,8,4,45.0,49.0,6,434,1593,1678,742,1335,1546,713,1026,485,639,526,10717
2019,8,5,44.0,49.0,7,518,1736,1581,692,1285,1736,996,1248,550,618,567,11527
2019,9,1,43.0,49.0,8,502,1729,1482,382,1234,1540,1037,1533,548,637,618,11242
2019,9,2,0.0,0.0,100,461,1220,1094,376,1136,1330,1179,1261,447,601,835,9940
2019,9,3,40.0,53.0,7,472,1446,1267,474,1053,1091,1024,1137,418,684,517,9583
2019,9,4,41.0,50.0,9,575,1710,1311,652,1235,1457,1368,1141,579,980,789,11797
2019,10,1,42.0,51.0,7,467,1343,1060,421,1041,1106,1280,980,500,715,635,9548
2019,10,2,43.0,51.0,6,461,1367,1327,632,1437,1431,1550,1251,659,1041,699,11855
2019,10,3,39.0,53.0,8,534,1554,1409,377,1270,1494,1405,1186,691,684,514,11118
2019,10,4,41.0,50.0,9,540,1637,1545,517,1226,1295,1265,1392,597,620,534,11168
2019,10,5,44.0,47.0,9,629,1725,1430,478,1277,1316,1182,1437,551,682,538,11245
2019,11,1,45.0,47.0,8,531,1629,1411,530,1125,1368,1115,1319,605,816,565,11014
2019,11,2,46.0,46.0,8,526,1606,1363,489,1116,1436,1163,1404,541,611,550,10805
2019,11,3,45.0,48.0,7,518,1446,1484,821,1123,1539,935,1330,560,700,555,11011
2019,11,4,46.0,46.0,8,577,1605,1265,644,1213,1384,997,1516,523,703,570,10997
2019,12,1,48.0,45.0,7,545,1582,1089,523,1199,1377,1159,1535,512,611,595,10727
2019,12,2,49.0,43.0,8,496,1455,1093,578,1220,1416,924,1471,517,681,593,10444
2019,12,3,44.0,46.0,10,471,1966,1150,677,1209,1355,1043,1501,587,626,557,11142
2019,12,4,0.0,0.0,100,486,1390,1076,651,1168,1226,976,1219,465,708,527,9892
2019,12,5,0.0,0.0,100,237,1040,713,340,788,773,715,1051,304,448,386,6795
2020,1,1,0.0,0.0,100,144,459,316,209,366,283,281,467,133,180,151,2989
2020,1,2,47.0,43.0,10,589,1432,1775,369,1289,1092,1154,1477,511,694,570,10952
2020,1,3,45.0,46.0,9,621,1546,1446,406,1177,1230,1386,1555,504,582,510,10963
2020,1,4,0.0,0.0,100,494,1641,1637,473,1267,1308,1207,1359,474,548,569,10977
2020,1,5,41.0,50.0,9,378,1003,2170,230,924,1247,716,916,363,628,440,9015
2020,2,1,44.0,49.0,7,545,1629,2448,189,1119,2112,691,1305,457,803,562,11860
2020,2,2,44.0,49.0,7,534,1490,1946,251,1648,1627,783,1342,449,657,512,11239
2020,2,3,45.0,46.0,9,512,1499,1723,225,1208,1945,763,1498,493,807,531,11204
2020,2,4,42.0,51.0,7,485,1581,1892,240,1251,2953,485,1245,429,1673,522,12756
2020,3,1,44.0,48.0,8,481,1632,1854,320,1124,2558,501,1457,424,1515,576,12442
2020,3,2,49.0,45.0,6,593,1704,1960,231,1034,2474,448,1302,441,1313,550,12050
2020,3,3,49.0,42.0,9,519,1953,2001,145,1156,2132,468,1588,395,1049,548,11954
2020,3,4,55.0,39.0,6,652,2265,2034,212,1059,2107,811,1615,420,1127,577,12879
2020,4,1,56.0,36.0,8,667,2251,1869,270,1134,2240,816,1725,428,900,640,12940
2020,4,2,57.0,35.0,8,558,1501,1465,144,881,1953,527,1618,323,743,418,10131
2020,4,3,59.0,33.0,8,640,1438,1263,164,841,1463,511,2241,308,699,384,9952
2020,4,4,62.0,30.0,8,754,2402,1899,492,1294,2259,1111,3479,535,1118,608,15951
2020,4,5,64.0,26.0,10,541,1798,1199,421,883,1560,920,1301,343,913,395,10274
2020,5,1,71.0,21.0,8,517,1710,1507,516,1056,2091,736,1270,478,1263,531,11675
2020,5,2,65.0,27.0,8,655,1913,1494,264,992,2672,956,1249,502,945,600,12242
2020,5,3,65.0,26.0,9,654,1884,1500,190,1095,2271,741,1286,467,1035,503,11626
2020,5,4,65.0,25.0,10,713,1952,1644,252,1081,2247,955,1355,417,1084,522,12222
2020,6,1,62.0,27.0,11,675,1982,1833,262,1169,1884,1043,1370,415,1013,508,12154
2020,6,2,60.0,32.0,8,630,1809,1438,705,1053,1929,1129,1280,439,930,480,11822
2020,6,3,55.0,35.0,10,605,1820,1336,1491,942,1954,924,1270,458,871,431,12102
2020,6,4,52.0,39.0,9,691,2017,1394,1118,1104,1877,918,1180,464,917,531,12211
2020,7,1,50.0,39.0,11,653,2088,1512,396,996,1913,1071,1527,482,1149,503,12290
2020,7,2,47.0,44.0,9,576,1874,1280,570,971,1742,1134,1548,615,1044,536,11890
2020,7,3,46.0,43.0,11,566,1913,1390,283,978,2039,953,1744,467,896,670,11899
2020,7,4,45.0,48.0,7,699,2057,1363,384,1058,2078,1011,1677,489,918,568,12302
2020,7,5,44.0,45.0,11,601,1981,1483,461,955,1653,1030,1634,532,1067,647,12044
2020,8,1,44.0,46.0,10,611,1929,1315,357,882,1909,722,1377,460,1270,846,11678
2020,8,2,39.0,53.0,8,496,1902,1276,261,980,2019,849,1369,428,1532,977,12089
2020,8,3,47.0,45.0,8,554,1592,1247,291,1275,2366,564,1469,451,1048,709,11566
2020,8,4,47.0,43.0,10,610,1786,1222,223,1248,2843,592,1538,472,1037,991,12562
2020,9,1,45.0,44.0,11,539,2004,1268,236,1183,2459,685,1535,527,1112,963,12511
2020,9,2,46.0,44.0,10,661,1980,1150,260,1003,2544,718,1519,471,1123,878,12307
2020,9,3,45.0,45.0,10,638,1902,1245,310,937,2363,1088,1540,462,1559,650,12694
2020,9,4,44.0,48.0,8,555,1791,1139,380,1035,2165,957,1653,438,1445,521,12079
2020,9,5,0.0,0.0,100,379,1141,896,645,970,1524,545,1128,341,1145,410,9124
2020,10,1,0.0,0.0,100,525,1353,1250,391,912,1961,650,1660,420,1163,484,10769
2020,10,2,47.0,42.0,11,505,1467,1185,589,1138,1989,881,1488,475,1434,445,11596
2020,10,3,43.0,45.0,12,517,1741,1245,269,1120,2288,1323,1430,449,1269,482,12133
2020,10,4,43.0,46.0,11,488,1845,1127,211,1117,1970,1062,1677,484,1337,551,11869
2020,11,1,43.0,47.0,10,455,1658,1234,257,997,1615,947,2037,520,1340,486,11546
2020,11,2,46.0,45.0,9,515,1640,1444,400,1005,1601,1136,1695,489,1340,455,11720
2020,11,3,44.0,45.0,11,554,1803,1157,248,990,2162,778,1418,590,1574,542,11816
2020,11,4,40.0,48.0,12,583,1725,1031,337,1000,2655,903,1326,512,1487,541,12100
2020,12,1,39.0,51.0,10,510,1647,1003,231,1034,2870,1067,1377,444,1565,495,12243
2020,12,2,38.0,54.0,8,559,1613,1117,249,982,2583,896,1687,458,1503,495,12142
2020,12,3,40.0,52.0,8,491,1559,1056,220,1051,2814,883,1615,457,1619,617,12382
2020,12,4,0.0,0.0,100,504,1559,1128,187,1064,2749,973,1372,443,1567,567,12113
2020,12,5,0.0,0.0,100,437,1535,1155,228,952,2288,703,1326,375,1610,478,11087
2021,1,1,38.0,55.0,7,379,1563,1363,280,1001,2135,606,1384,411,1576,604,11302
2021,1,2,38.0,53.0,9,549,1639,1522,362,959,2190,891,1391,443,1616,602,12164
2021,1,3,37.0,54.0,9,480,1624,1357,329,1000,1883,1054,1784,436,1515,579,12041
2021,1,4,38.0,52.0,10,482,1735,1245,312,938,2188,1221,1630,488,1570,550,12359
2021,2,1,39.0,52.0,9,583,1765,1164,413,1029,2136,948,1580,480,1463,565,12126
2021,2,2,0.0,0.0,100,449,1420,1046,297,1012,1868,924,1214,453,1311,432,10426
2021,2,3,39.0,50.0,11,413,1424,1084,277,861,1890,857,1287,475,1339,516,10423
2021,2,4,39.0,52.0,9,510,1637,1060,203,1000,2276,839,1441,640,1713,502,11821
2021,3,1,40.0,51.0,9,398,1308,1064,261,937,2176,814,1246,460,1102,399,10165
2021,3,2,38.0,54.0,8,463,1613,1160,261,1021,2094,1128,1492,514,1436,546,11728
2021,3,3,37.0,55.0,8,455,1678,1158,451,1014,1863,1037,1651,540,1417,524,11788
2021,3,4,34.0,59.0,7,525,1589,1199,404,1074,1834,903,1747,576,1425,468,11744
2021,4,1,32.0,58.0,10,512,1860,1209,442,971,1767,919,1787,562,1436,554,12019
2021,4,2,0.0,0.0,100,450,1479,1023,277,995,1699,900,2264,575,1363,472,11497
2021,4,3,30.0,62.0,8,424,1736,1328,240,1046,1941,996,1448,554,1450,513,11676
2021,4,4,31.0,60.0,9,566,1727,1358,280,1069,2027,818,1617,591,1546,516,12115
2021,4,5,29.0,60.0,11,496,1891,1194,224,1416,2076,922,1333,548,1568,513,12181
2021,5,1,34.0,58.0,8,480,1524,982,396,1147,1970,901,1254,500,1334,508,10996
2021,5,2,32.0,61.0,7,472,1655,1086,235,1170,1944,1355,1516,514,1413,548,11908
2021,5,3,34.0,58.0,8,463,1519,1081,332,1029,1752,1049,1307,526,1387,485,10930
2021,5,4,37.0,52.0,11,513,1674,1191,719,1053,2033,1180,1242,492,1395,507,11999
2021,6,1,38.0,53.0,9,536,1753,1119,293,1053,2087,1314,1483,516,1470,467,12091
2021,6,2,39.0,52.0,9,531,1510,1134,202,1093,2086,1374,1596,618,1595,497,12236
2021,6,3,38.0,53.0,9,370,1157,994,284,926,1617,947,1343,479,1259,366,9742
2021,6,4,40.0,51.0,9,680,1919,1271,388,1323,2330,1102,1851,643,1915,653,14075
2021,7,1,38.0,54.0,8,599,1815,1136,172,1104,2061,1151,1805,566,1704,701,12814
2021,7,2,38.0,53.0,9,504,1702,1143,211,1156,2446,929,1699,608,1747,784,12929
2021,7,3,38.0,52.0,10,509,1635,1290,200,1066,2637,984,1643,601,1593,732,12890
2021,7,4,40.0,51.0,9,579,1640,1539,240,1179,2265,908,1499,722,1617,806,12994
2021,7,5,40.0,53.0,7,410,1646,1098,300,1050,1926,671,1383,1636,1332,660,12112
2021,8,1,41.0,51.0,8,390,1440,1047,301,828,1891,490,1221,1542,1337,560,11047
2021,8,2,36.0,53.0,11,534,1431,1010,371,1040,2111,958,1271,1047,1433,663,11869
2021,8,3,40.0,52.0,8,403,1658,1559,245,971,2077,849,1583,615,1376,560,11896
2021,8,4,38.0,54.0,8,491,1693,1539,243,1100,2393,671,1688,683,1391,800,12692
2021,9,1,38.0,52.0,10,512,1818,1379,228,1096,2463,896,1592,775,1420,606,12785
2021,9,2,41.0,52.0,7,499,1680,1124,223,1236,2323,964,1593,618,1368,597,12225
2021,9,3,36.0,57.0,7,558,1857,992,507,1189,2210,942,1652,563,1431,770,12671
2021,9,4,0.0,0.0,100,297,999,731,280,867,1321,488,989,374,988,556,7890
2021,9,5,38.0,54.0,8,671,1907,1057,481,1118,2153,1013,1746,566,1487,609,12808
2021,10,1,37.0,54.0,9,608,1593,966,359,1103,1967,952,1779,553,1401,622,11903
2021,10,2,36.0,57.0,7,555,1683,974,252,1062,1900,956,1827,628,1374,564,11775
2021,10,3,38.0,54.0,8,799,1687,986,397,1171,1997,991,1863,576,1524,629,12620
2021,10,4,37.0,55.0,8,717,1904,995,255,1186,1862,1032,2016,549,1557,622,12695
2021,11,1,37.0,56.0,7,579,1769,1127,229,1296,1975,925,1828,605,1537,605,12475
2021,11,2,37.0,57.0,6,562,1962,1084,209,1183,1850,808,2155,577,1444,661,12495
2021,11,3,34.0,59.0,7,564,1768,1065,285,1151,2175,885,1707,601,1425,605,12231
2021,11,4,37.0,55.0,8,463,1665,1175,171,1177,2060,1109,1990,540,1445,644,12439
2021,12,1,38.0,55.0,7,535,1674,1181,230,1169,2083,1058,1929,543,1424,626,12452
2021,12,2,38.0,55.0,7,492,1564,1146,184,1186,2336,837,1977,557,1398,589,12266
2021,12,3,37.0,54.0,9,544,1551,1103,254,1053,2407,876,1774,535,1556,629,12282
2021,12,4,0.0,0.0,100,517,1631,1114,154,1129,2311,865,2010,548,1440,666,12385
2021,12,5,0.0,0.0,100,615,1938,1183,191,1220,2281,924,2398,502,1687,790,13729
2022,1,1,41.0,50.0,9,439,1359,874,298,844,1598,521,2048,373,1237,469,10060
2022,1,2,42.0,53.0,5,485,1736,1098,389,1016,1871,786,1988,422,1712,624,12127
2022,1,3,41.0,53.0,6,425,1664,1084,506,943,2101,753,2042,442,1733,617,12310
2022,1,4,42.0,51.0,7,476,1783,1124,372,954,2050,855,2098,462,1723,542,12439
2022,2,1,0.0,0.0,100,220,978,689,340,641,1280,412,1336,360,1078,429,7763
2022,2,2,41.0,52.0,7,425,1528,1219,253,891,1829,662,2291,1026,1362,538,12024
2022,2,3,40.0,53.0,7,420,1480,1142,224,880,1877,738,2363,1030,1350,531,12035
2022,2,4,43.0,51.0,6,443,1652,1633,172,961,1897,635,2390,616,1336,558,12293
2022,3,1,45.0,50.0,5,323,1088,1978,211,679,1265,270,1912,356,1021,401,9504
2022,3,2,43.0,50.0,7,269,846,1325,105,539,1058,296,1890,324,1313,371,8336
2022,3,3,42.0,52.0,6,491,2005,2159,527,1291,2312,826,4171,631,2293,719,17425
2022,3,4,44.0,51.0,5,362,1522,1481,303,1000,1626,676,2555,493,1339,550,11907
2022,3,5,42.0,49.0,9,357,1736,1243,600,1134,1743,672,2311,494,1386,556,12232
2022,4,1,44.0,49.0,7,422,1707,1275,385,1145,1631,787,2118,562,1365,585,11982
2022,4,2,43.0,51.0,6,385,1503,1335,313,1035,1791,1056,2539,569,1443,547,12516
2022,4,3,44.0,50.0,6,416,1456,1133,356,1100,1989,1114,2596,502,1284,541,12487
2022,4,4,45.0,49.0,6,441,1796,1314,351,1092,1640,1049,2767,490,1321,561,12822
2022,5,1,45.0,51.0,4,353,1300,868,274,1001,1275,757,2360,398,977,441,10004
2022,5,2,52.0,37.0,11,387,1636,1234,464,1386,1544,794,3316,561,1225,550,13097
2022,5,3,51.0,34.0,15,383,1739,1057,746,1113,1495,803,2657,500,1136,515,12144
2022,5,4,0.0,0.0,100,363,1672,1118,976,1160,1386,702,2828,591,1057,490,12343
2022,6,1,53.0,34.0,13,352,1415,931,274,1178,1215,552,3443,565,1194,464,11583
2022,6,2,53.0,33.0,14,366,1466,1026,554,1175,1524,834,1912,565,1268,532,11222
2022,6,3,49.0,38.0,13,516,1901,945,420,1254,1600,939,1955,560,1327,665,12082
2022,6,4,47.0,38.0,15,678,2021,1044,228,1258,1583,973,1802,515,1288,740,12130
2022,6,5,43.0,42.0,15,493,1958,1258,489,1130,1748,945,1724,498,1425,830,12498
2022,7,1,37.0,49.0,14,428,1954,1126,259,1189,1768,831,1908,501,1407,768,12139
2022,7,2,32.0,53.0,15,465,1799,1450,295,1138,1742,813,1818,524,1383,659,12086
2022,7,3,32.0,60.0,8,422,1893,1156,381,1151,2028,844,1780,597,1453,572,12277
2022,7,4,28.0,62.0,10,400,2047,1159,309,1242,1946,926,1808,499,1337,624,12297
2022,8,1,24.0,66.0,10,442,1576,1248,422,1111,1740,634,1709,481,1255,745,11363
2022,8,2,25.0,66.0,9,432,1436,1103,372,1194,2190,638,1748,489,1430,923,11955
2022,8,3,28.0,64.0,8,344,1562,1055,333,1067,1589,712,1966,526,1562,698,11414
2022,8,4,27.0,64.0,9,393,1975,1199,317,1241,1683,890,1847,493,1432,694,12164
2022,9,1,27.0,63.0,10,449,2024,1095,253,1167,1727,822,2071,479,1521,687,12295
2022,9,2,0.0,0.0,100,400,1661,950,267,1121,1951,780,1508,431,1879,1305,12253
2022,9,3,33.0,59.0,8,352,1436,1136,284,1000,1276,768,1079,427,1163,543,9464
2022,9,4,28.0,61.0,11,391,1796,1381,575,1137,1646,1214,1570,577,1375,712,12374
2022,9,5,24.0,65.0,11,392,2065,1375,609,1207,1759,966,1531,515,1441,594,12454
2022,10,1,29.0,63.0,8,398,1737,1157,859,1322,1439,772,1596,537,1372,521,11710
2022,10,2,28.0,63.0,9,334,1764,1250,779,1181,1411,766,1449,619,1211,549,11313
2022,10,3,27.0,65.0,8,913,1725,1173,633,1277,1625,1033,1447,594,1279,648,12347
2022,10,4,30.0,62.0,8,437,2018,1301,401,1120,1628,1217,1736,602,1460,615,12535
2022,11,1,29.0,63.0,8,380,1559,1395,774,1341,1865,1041,1177,540,1486,643,12201
2022,11,2,30.0,62.0,8,484,1757,1079,595,1131,1725,1124,1745,630,1473,681,12424
2022,11,3,29.0,61.0,10,438,1860,1210,689,1082,1927,1086,1488,745,1360,598,12483
2022,11,4,30.0,62.0,8,409,1768,1026,619,1000,1735,1021,1504,1194,1296,658,12230
2022,12,1,31.0,60.0,9,402,1697,1069,251,1030,2055,1003,1474,1444,1356,661,12442
2022,12,2,33.0,59.0,8,370,1585,976,298,970,1798,865,1531,1669,1381,612,12055
2022,12,3,36.0,56.0,8,444,1785,1051,235,1047,1764,860,1679,842,1405,709,11821
2022,12,4,0.0,0.0,100,393,1907,1150,350,1068,1722,832,1630,696,1543,782,12073
2022,12,5,0.0,0.0,100,478,2112,1458,558,1470,1874,1149,1805,560,1934,759,14157
